nstopps0@businesswire.com,P3Jv8hO,Stopps,Nathanil,9961101501,1995-07-28
jlamke1@un.org,Dbo6RRm,Lamke,Josy,9857832838,1998-02-17
ulibreros2@tinypic.com,zCEjypLopniG,Libreros,Ulrikaumeko,6945781497,1992-03-22
awatson3@vistaprint.com,6lEi3fSZOQBR,Watson,Artemas,5652053577,2002-05-01
senefer4@webmd.com,oAPGX6fDeT,Enefer,Saidee,6692264207,1993-09-21
jmellenby5@webs.com,dWggNPAaw7l,Mellenby,Jessamyn,1834237274,1994-05-02
bannandale6@nsw.gov.au,0wyCW4,Annandale,Byrann,6503454855,2002-06-15
sleleu7@addtoany.com,bWV8OXQ089s,Le Leu,Sisely,3817872492,1991-08-29
cbrosi8@booking.com,gkBTGSf6Z,Brosi,Costanza,3729121391,2005-06-12
kklehn9@hexun.com,dhuxqiP,Klehn,Koren,6754164664,1993-08-05
